year,segment,manuf,purchases,range,vol,speed,noise,power,length,wingspan,maxw,market_size,price
1961,"M","Other",9,1775.314,523.5294,490.549,86.38824,15.35294,16.13471,14.43078,12800.18,175,.7990596
1962,"M","Other",10,1754.076,481.4286,490.3619,85.57429,15.43714,15.84,14.15105,11994.09,364,.898342
1963,"M","Other",1,1741.608,456.8919,488.8919,85.21216,15.46622,15.62689,13.97365,11448.16,520,1.018227
1963,"M","Raytheon",1,1310,628,408.5,85.5,15.8,14.895,14.32,11340,520,3.275116
1964,"S","Bombardier",4,1436,246,465,88,12.7,13.18,10.84,5675,717,3.451434
1964,"M","IAI",1,1840,347,470,81.2,13.8,15.93,13.65,9390,717,1.711812
1964,"M","Other",13,1828.786,632.8571,465.8571,90.57857,14.76429,16.135,14.89143,13485.07,717,2.54866
1964,"M","Raytheon",4,1310,628,408.5,85.5,15.8,14.895,14.32,11340,717,3.605304
1965,"S","Bombardier",47,1436,246,465,88.61291,12.7,13.18,10.84,5675,947,3.666999
1965,"M","Dassault",14,1780,700,466,90,20,17.15,6.32,13000,947,7.377993
1965,"M","IAI",27,1840,347,470,81.2,13.8,15.93,13.65,9390,947,1.890857
1965,"M","Other",39,1806.66,590.1887,456.6415,90.49811,14.71698,15.56208,14.51264,12163.23,947,2.76383
1965,"M","Raytheon",30,1310,628,408.5,85.5,15.8,14.895,14.32,11340,947,3.925351
1966,"S","Bombardier",38,1436.041,247.0816,465,89.50816,12.70816,13.20694,10.84,5698.061,1136,3.869129
1966,"M","Dassault",35,1780,700,466,90,20,17.15,6.32,13000,1136,7.950305
1966,"M","IAI",41,1840,347,470,81.2,13.8,15.93,13.65,9390,1136,2.11157
1966,"M","Other",41,1836.949,649.322,463.7966,91.07288,14.7,16.18542,14.9783,13680.97,1136,2.981498
1966,"M","Raytheon",40,1310,628,408.5,85.5,15.8,14.895,14.32,11340,1136,4.312637
1967,"S","Bombardier",25,1436,246,465,91.58286,12.7,13.18,10.84,5675,1297,4.046183
1967,"M","Dassault",28,1780,700,466,90,20,17.15,6.32,13000,1297,8.420515
1967,"L","Gulfstream",6,3715,1269,505,90.9,50.7,24.36,20.98,29710,1297,18.69774
1967,"M","IAI",15,1840,347,470,81.2,13.8,15.93,13.65,9390,1297,2.309424
1967,"M","Other",27,1826.105,627.3684,467.1579,91.89737,14.79474,16.41763,14.86895,13454.11,1297,3.186011
1967,"M","Raytheon",20,1310,628,408.5,85.5,15.8,14.895,14.32,11340,1297,4.646266
1968,"S","Bombardier",37,1436.708,264.7708,465,92.40208,12.84167,13.6475,10.84,6075.208,1515,4.19158
1968,"M","Dassault",33,1780,700,466,90,20,17.15,6.32,13000,1515,9.515896
1968,"L","Gulfstream",30,3715,1269,505,90.9,50.7,24.36,20.98,29710,1515,19.29717
1968,"M","IAI",4,1840,347,470,81.2,13.8,15.93,13.65,9390,1515,2.523693
1968,"M","Other",30,1817.149,610.4255,460.9362,93.13617,14.7383,16.30617,14.69149,12785.89,1515,3.374946
1968,"M","Raytheon",15,1310,628,408.5,85.5,15.8,14.895,14.32,11340,1515,4.996974
1969,"S","Bombardier",45,1436.915,270.2542,465,92.57796,12.88305,13.78407,10.84,6192.119,1763,4.303854
1969,"M","Dassault",10,1780,700,466,90,20,17.15,6.32,13000,1763,8.085502
1969,"L","Gulfstream",29,3715,1269,505,90.9,50.7,24.36,20.98,29710,1763,19.74339
1969,"M","IAI",5,1840,347,470,81.2,13.8,15.93,13.65,9390,1763,2.778622
1969,"M","Other",18,1827.975,637.75,465.85,93.2325,14.8825,16.56225,14.88075,13454.3,1763,3.546067
1969,"M","Raytheon",25,1310,628,408.5,85.5,15.8,14.895,14.32,11340,1763,5.405318
1970,"S","Bombardier",42,1436.941,270.9412,465,92.6,12.88824,13.80118,10.84,6206.765,1983,4.454825
1970,"M","Dassault",13,1780,700,466,90,20,17.15,6.32,13000,1983,7.170899
1970,"L","Gulfstream",16,3715,1269,505,90.9,50.7,24.36,20.98,29710,1983,20.35917
1970,"M","Other",2,1792.222,562.2222,451.5555,94.48889,14.7,15.97,14.27444,11350.22,1983,5.542384
1970,"M","Raytheon",24,1310,628,408.5,85.5,15.8,14.895,14.32,11340,1983,5.800789
1971,"S","Bombardier",9,1437.077,274.5385,465,92.71539,12.91538,13.89077,10.84,6283.461,2232,4.66369
1971,"S","Cessna",8,1328,205,357,78,9.79,13.26,14.35,5380,2232,2.57614
1971,"M","Dassault",8,1780,700,466,90,20,17.15,6.32,13000,2232,8.643299
1971,"L","Gulfstream",6,3715,1269,505,90.9,50.7,24.36,20.98,29710,2232,21.23083
1971,"M","IAI",1,1840,347,470,81.2,13.8,15.93,13.65,9390,2232,3.299469
1971,"M","Other",6,1802.273,696.3636,481.6364,91.72727,17.2,15.92273,14.69727,13334.45,2232,5.84506
1971,"M","Raytheon",10,1310,628,408.5,85.5,15.8,14.895,14.32,11340,2232,6.226957
1972,"S","Bombardier",35,1437.128,275.8974,465,92.75897,12.92564,13.92462,10.84,6312.436,2503,4.836441
1972,"S","Cessna",38,1328,205,357,78,9.79,13.26,14.35,5380,2503,2.684483
1972,"M","Dassault",12,1780,700,466,90,20,17.15,6.32,13000,2503,8.364935
1972,"L","Gulfstream",11,3715,1269,505,90.9,50.7,24.36,20.98,29710,2503,21.93073
1972,"M","IAI",3,1840,347,470,81.2,13.8,15.93,13.65,9390,2503,3.545466
1972,"M","Other",20,1813.893,631.4286,463.9286,90.87857,15.28929,15.78,14.67786,12823.75,2503,4.265515
1972,"M","Raytheon",13,1310,628,408.5,85.5,15.8,14.895,14.32,11340,2503,6.597701
1973,"S","Bombardier",41,1489.048,282.381,465.2381,92.54285,13.10476,14.13857,10.89714,6553.333,2784,4.78872
1973,"S","Cessna",64,1328,205,357,78,9.79,13.26,14.35,5380,2784,2.675978
1973,"M","Dassault",11,1780,700,466,90,20,17.15,6.32,13000,2784,7.563931
1973,"S","Dassault",2,1900,251,492,82.2,14.4,13.86,13.08,8627.5,2784,6.998664
1973,"L","Gulfstream",12,3715,1269,505,90.9,50.7,24.36,20.98,29710,2784,21.63793
1973,"M","IAI",6,1840,347,470,81.2,13.8,15.93,13.65,9390,2784,3.781581
1973,"M","Other",20,1745.667,493.0303,455.2121,89.16666,15.36364,14.66727,13.70061,9800.484,2784,4.321045
1973,"M","Raytheon",17,1310,628,408.5,85.5,15.8,14.895,14.32,11340,2784,6.910418
1974,"S","Bombardier",48,1548.941,278.6618,465.5147,91.93089,13.22794,14.10691,10.96353,6593.309,3164,4.735973
1974,"S","Cessna",70,1328,205,357,78,9.79,13.26,14.35,5380,3164,2.66413
1974,"M","Dassault",22,1780,700,466,90,20,17.15,6.32,13000,3164,7.475408
1974,"S","Dassault",27,1900,251,492,82.2,14.4,13.86,13.08,8627.5,3164,6.944138
1974,"L","Gulfstream",11,3715,1269,505,90.9,50.7,24.36,20.98,29710,3164,21.32383
1974,"M","IAI",5,1840,347,470,81.2,13.8,15.93,13.65,9390,3164,4.020215
1974,"M","Other",27,1736.617,517.4468,458.0851,92.39362,16.2,14.98085,13.61,9614.787,3164,6.282448
1974,"M","Raytheon",19,1310,628,408.5,85.5,15.8,14.895,14.32,11340,3164,7.215868
1975,"S","Bombardier",54,2045.634,269.3293,467.8049,87.55244,14.40976,14.37927,11.51317,7381.829,3622,4.908924
1975,"S","Cessna",65,1328,205,357,78,9.79,13.26,14.35,5380,3622,2.774762
1975,"M","Dassault",10,1780,700,466,90,20,17.15,6.32,13000,3622,10.24599
1975,"S","Dassault",25,1900,251,492,82.2,14.4,13.86,13.08,8627.5,3622,7.626489
1975,"L","Gulfstream",12,3715,1269,505,90.9,50.7,24.36,20.98,29710,3622,22.01562
1975,"M","IAI",1,1992.143,347,469.8571,81.2,14.18571,15.93,13.65,9571.429,3622,4.317582
1975,"M","Other",16,1725.658,557.3684,472.8947,91.11316,17.59211,14.825,13.61,9995.395,3622,6.545298
1975,"M","Raytheon",4,1310,628,408.5,85.5,15.8,14.895,14.32,11340,3622,7.641337
1976,"S","Bombardier",68,2219.209,269.2558,468.6046,86.12558,14.84651,14.55372,11.70512,7725.116,4044,5.04955
1976,"S","Cessna",44,1328,205,357,78,9.79,13.26,14.35,5380,4044,2.868542
1976,"M","Dassault",8,1854.971,700,466.5294,89.6647,20.27941,17.23059,7.057647,13282.56,4044,10.12366
1976,"S","Dassault",19,1900,251,492,82.2,14.4,13.86,13.08,8627.5,4044,7.375365
1976,"L","Gulfstream",16,3715,1269,505,90.9,50.7,24.36,20.98,29710,4044,22.55813
1976,"M","IAI",15,2845.833,347,469.0555,81.2,16.35,15.93,13.65,10589.44,4044,4.617824
1976,"M","Other",23,1952.909,592.4243,465.606,92.22121,16.52424,15.72242,14.24424,11885.7,4044,4.891978
1976,"M","Raytheon",14,1382.941,626.5883,410.1176,85.85883,15.84706,14.92824,14.32059,11353.35,4044,8.055551
1977,"S","Bombardier",77,2210.489,272.9575,468.5638,86.31702,14.85213,14.63692,11.69532,7786.436,4610,5.169464
1977,"S","Cessna",56,1395.303,211.1053,361.75,77.63158,10.08447,13.37895,14.51329,5522.119,4610,2.950136
1977,"M","Dassault",7,1780,700,466,90,20,17.15,6.32,13000,4610,10.61266
1977,"S","Dassault",13,1900,251,492,82.2,14.4,13.86,13.08,8627.5,4610,6.989812
1977,"L","Gulfstream",13,3715,1269,505,90.9,50.7,24.36,20.98,29710,4610,23.00184
1977,"M","IAI",22,2905,347,469,81.2,16.5,15.93,13.65,10660,4610,4.874332
1977,"M","Other",26,2236.697,689.697,467.5757,92.96364,16.6,16.63545,15.0597,14607.55,4610,5.139389
1977,"M","Raytheon",13,2550,604,436,91.6,16.6,15.46,14.33,11567,4610,8.388534
1978,"S","Bombardier",76,2161.617,274.0522,468.7652,86.61565,14.76696,14.698,11.73078,7786.348,5050,5.200858
1978,"S","Cessna",78,1593.011,229.587,376.1522,76.66413,10.93663,13.73902,15.00783,5955.5,5050,2.984038
1978,"M","Dassault",14,1890.826,700,466.7826,89.50435,20.41304,17.26913,7.410435,13417.7,5050,11.44306
1978,"S","Dassault",15,1900,251,492,82.2,14.4,13.86,13.08,8627.5,5050,8.06039
1978,"L","Gulfstream",18,3715,1269,505,90.9,50.7,24.36,20.98,29710,5050,23.0533
1978,"M","IAI",13,2905,347,469,81.2,16.5,15.93,13.65,10660,5050,5.138031
1978,"M","Other",17,2120.952,706.6667,477.1429,92.22857,18.00476,16.04619,14.74905,13835.81,5050,5.302379
1978,"M","Raytheon",29,2550,604,436,91.6,16.6,15.46,14.33,11567,5050,8.70859
1979,"S","Bombardier",74,2140.103,275.4124,468.6186,86.85155,14.71959,14.70072,11.69701,7764.33,5514,5.151056
1979,"S","Cessna",113,1683.64,237.964,382.6763,76.20071,11.3295,13.90223,15.23194,6151.403,5514,2.97524
1979,"M","Dassault",11,2077.383,700,468.1,88.67,21.10833,17.46967,9.246,14120.82,5514,11.40984
1979,"S","Dassault",11,1900,251,492,82.2,14.4,13.86,13.08,8627.5,5514,8.498224
1979,"L","Gulfstream",13,3753.5,1276.6,504.5,90.92,50.7,24.456,21.254,29900.5,5514,22.75185
1979,"M","IAI",21,2905,347,469,81.2,16.5,15.93,13.65,10660,5514,5.473626
1979,"M","Other",28,2014.906,560.9375,479.5313,88.5625,16.17188,16.0725,14.45094,12920.66,5514,5.370743
1979,"M","Raytheon",23,2550,604,436,91.6,16.6,15.46,14.33,11567,5514,9.11185
1980,"L","Bombardier",5,3352,1035,460,80.5,40.7,20.85,19.61,19550,6086,20.71795
1980,"S","Bombardier",83,2241.322,276.0268,468.7054,86.16339,14.95268,14.74455,11.72929,7912.902,6086,5.126146
1980,"S","Cessna",117,1794.439,246.9324,389.6081,75.36689,11.8398,14.07696,15.47135,6353.905,6086,2.977369
1980,"M","Dassault",24,2565.219,700,471.5208,86.42917,22.93438,17.97771,13.89625,15933.68,6086,19.45722
1980,"S","Dassault",14,1900,251,492,82.2,14.4,13.86,13.08,8627.5,6086,10.11188
1980,"L","Gulfstream",14,4059.474,1337,500.5263,91.07895,50.7,25.21895,23.43158,31414.47,6086,22.55642
1980,"M","IAI",39,2905,347,469,81.2,16.5,15.93,13.65,10660,6086,5.729306
1980,"M","Other",28,1713,400,490,84,15.6,15.27,13.61,10435,6086,7.254622
1980,"M","Raytheon",36,2550,604,436,91.6,16.6,15.46,14.33,11567,6086,9.389373
1981,"L","Bombardier",19,3352,1035,460,80.5,40.7,20.85,19.61,19550,6599,20.81748
1981,"M","Bombardier",16,2397,407,477,84.2,16.5,16.79,13.34,9525,6599,8.602383
1981,"S","Bombardier",85,2269.907,275.2093,468.8372,85.90232,15.01861,14.75326,11.76093,7952.326,6599,6.26691
1981,"S","Cessna",158,1749.335,243.28,386.785,75.706,11.6321,14.0058,15.37385,6271.425,6599,3.363311
1981,"M","Dassault",31,2600.569,700,471.7945,86.33014,23.05822,18.03205,14.3937,16092.66,6599,18.67842
1981,"S","Dassault",4,1900,251,492,82.2,14.4,13.86,13.08,8627.5,6599,8.995652
1981,"L","Gulfstream",20,4100,1345,500,91.1,50.7,25.32,23.72,31615,6599,22.7543
1981,"M","IAI",39,2905,347,469,81.2,16.5,15.93,13.65,10660,6599,8.053246
1981,"M","Other",19,1713,400,490,84,15.6,15.27,13.61,10435,6599,11.14438
1981,"S","Other",5,1929,305,404,86.3,11.1,14.75,13.25,7158,6599,6.907361
1981,"M","Raytheon",30,2550,604,436,91.6,16.6,15.46,14.33,11567,6599,12.18852
1982,"L","Bombardier",32,3352,1035,460,80.5,40.7,20.85,19.61,19550,7047,20.17407
1982,"M","Bombardier",33,2397,407,477,84.2,16.5,16.79,13.34,9525,7047,9.227015
1982,"S","Bombardier",26,2257.022,275.5778,468.7778,86.02,14.98889,14.74933,11.74667,7934.556,7047,6.936194
1982,"M","Cessna",1,2304,438,473.33,78.9,16.87,16.9,16.31,10047.67,7047,9.715732
1982,"S","Cessna",91,1830.475,250.4333,392.3417,75.21833,11.992,14.14517,15.56508,6436.742,7047,4.081106
1982,"M","Dassault",27,2931.952,700,474.1346,84.84808,24.29327,18.38827,17.65423,17341.63,7047,17.23232
1982,"S","Dassault",1,1900,251,492,82.2,14.4,13.86,13.08,8627.5,7047,9.72922
1982,"L","Gulfstream",26,4100,1345,500,91.1,50.7,25.32,23.72,31615,7047,23.85989
1982,"M","IAI",17,2905,347,469,81.2,16.5,15.93,13.65,10660,7047,9.838515
1982,"S","Other",17,1929,305,404,86.3,11.1,14.75,13.25,7158,7047,6.907635
1982,"M","Raytheon",21,2550,604,436,91.6,16.6,15.46,14.33,11567,7047,12.48847
1983,"L","Bombardier",13,3352,1035,460,80.5,40.7,20.85,19.61,19550,7571,19.38412
1983,"M","Bombardier",17,2397,407,477,84.2,16.5,16.79,13.34,9525,7571,10.785
1983,"S","Bombardier",16,1996.72,275.36,468.56,87.832,14.4,14.6716,11.6648,7582.4,7571,7.49477
1983,"M","Cessna",14,2304,438,473.33,78.9,16.87,16.9,16.31,10047.67,7571,10.27854
1983,"S","Cessna",43,1840.312,252.541,394.0328,75.41967,12.00639,14.18623,15.62197,6492.836,7571,4.64004
1983,"M","Dassault",13,2581.8,700,471.2,85.28,23.14,17.698,11.336,15527.4,7571,17.83482
1983,"S","Dassault",1,1900,251,492,82.2,14.4,13.86,13.08,8627.5,7571,10.66416
1983,"L","Gulfstream",23,4100,1345,500,91.1,50.7,25.32,23.72,31615,7571,25.30162
1983,"M","IAI",11,2905,347,469,81.2,16.5,15.93,13.65,10660,7571,10.2206
1983,"S","Other",9,1929,305,404,86.3,11.1,14.75,13.25,7158,7571,7.972747
1983,"M","Raytheon",12,2678.864,604,442.3636,88.19546,17.90455,15.50455,14.75318,11927.5,7571,12.8472
1984,"L","Bombardier",8,3352,1035,460,80.5,40.7,20.85,19.61,19550,7991,23.26723
1984,"M","Bombardier",17,2397,407,477,84.2,16.5,16.79,13.34,9525,7991,10.18502
1984,"S","Bombardier",16,2449.733,270.0667,469.6667,84.26,15.43333,14.808,11.96,8200.333,7991,6.757462
1984,"M","Cessna",43,2304,438,473.33,78.9,16.87,16.9,16.31,10047.67,7991,10.79405
1984,"S","Cessna",36,1775.571,254.7143,396.0635,77.46349,11.53349,14.22857,15.68349,6589.984,7991,4.807319
1984,"M","Dassault",8,2417.75,700,470.1667,86.32083,22.4875,17.60667,10.5,15043.04,7991,19.96561
1984,"L","Gulfstream",23,4100,1345,500,91.1,50.7,25.32,23.72,31615,7991,29.18697
1984,"M","IAI",5,2926.579,349.9474,468.5789,80.97894,16.46842,16.03632,13.96474,10660,7991,8.605996
1984,"S","Other",7,1929,305,404,86.3,11.1,14.75,13.25,7158,7991,8.123022
1984,"M","Raytheon",15,2894.25,604,453,82.505,20.085,15.579,15.4605,12530.05,7991,15.33933
1985,"L","Bombardier",5,3352,1035,460,80.5,40.7,20.85,19.61,19550,8294,25.22057
1985,"M","Bombardier",7,2397,407,477,84.2,16.5,16.79,13.34,9525,8294,9.091444
1985,"S","Bombardier",12,2420.827,270.8933,469.5333,84.524,15.36667,14.7992,11.928,8160.467,8294,6.815717
1985,"M","Cessna",21,2304,438,473.33,78.9,16.87,16.9,16.31,10047.67,8294,11.7856
1985,"S","Cessna",64,1706.071,257.4762,398.5952,79.74762,11.01571,14.28238,15.76119,6706.738,8294,4.22879
1985,"M","Dassault",7,2873,700,473.3333,84.16667,24.2,18.06333,14.68,16707.33,8294,20.25706
1985,"L","Gulfstream",7,4104.8,1352.2,500.2,90.528,51.136,25.384,23.72,31691.22,8294,30.00146
1985,"M","IAI",3,2922.083,349.3333,468.6667,81.02499,16.475,16.01417,13.89917,10660,8294,8.67792
1985,"S","Other",5,1929,305,404,86.3,11.1,14.75,13.25,7158,8294,7.497213
1985,"M","Raytheon",21,2955,604,456,80.9,20.7,15.6,15.66,12700,8294,15.32447
1986,"L","Bombardier",5,3352.867,1035,460,80.45333,40.7,20.85,19.61,19550,8442,25.41385
1986,"M","Bombardier",10,2397,407,477,85.36667,16.5,16.79,13.34,9525,8442,9.461695
1986,"S","Bombardier",12,2522,268,470,83.6,15.6,14.83,12.04,8300,8442,7.092774
1986,"M","Cessna",24,2304,438,473.33,78.9,16.87,16.9,16.31,10047.67,8442,12.212
1986,"S","Cessna",40,1738.291,260.8909,401.2727,79.67455,11.14509,14.34891,15.85273,6789.073,8442,3.399063
1986,"L","Dassault",5,3860,1267,500,81.9,31.65,20.21,19.33,20640,8442,28.14669
1986,"M","Dassault",13,2945.6,700,474,84.22,24.42,18.246,16.352,17145.8,8442,25.3583
1986,"S","Dassault",1,1900,251,492,82.2,14.4,13.86,13.08,8627.5,8442,7.079601
1986,"L","Gulfstream",12,4132.727,1394.091,501.3636,87.2,53.67273,25.75636,23.72,32134.68,8442,33.04492
1986,"M","IAI",8,3036.786,365,466.4286,79.85,16.30714,16.57929,15.57214,10660,8442,8.882491
1986,"M","Raytheon",24,2955,604,456,80.9,20.7,15.6,15.66,12700,8442,15.14166
1986,"S","Raytheon",8,1751.5,305,460,88.6,13.9,14.75,13.25,7230.5,8442,8.431761
1987,"L","Bombardier",11,3364.188,1035,460,79.84375,40.7,20.85,19.61,19550,8618,25.14821
1987,"M","Bombardier",2,2397,407,477,87,16.5,16.79,13.34,9525,8618,9.947265
1987,"S","Bombardier",5,2405,269.55,470.3,84.01,15.475,14.8135,12.0455,8161.75,8618,7.377901
1987,"M","Cessna",15,2304,438,473.33,78.9,16.87,16.9,16.31,10047.67,8618,11.70404
1987,"S","Cessna",35,1807.88,262.24,402.31,78.338,11.5928,14.3776,15.876,6791.29,8618,5.142779
1987,"L","Dassault",24,3860,1267,500,81.9,31.65,20.21,19.33,20640,8618,28.31926
1987,"M","Dassault",11,2884.344,700,473.4375,84.175,24.23438,18.09188,14.94125,16775.84,8618,19.14384
1987,"S","Dassault",3,1900,251,492,82.2,14.4,13.86,13.08,8627.5,8618,9.925775
1987,"L","Gulfstream",17,4210.769,1511.154,504.6154,77.9,60.76154,26.79692,23.72,33373.92,8618,34.12368
1987,"M","IAI",5,3058.75,368,466,79.625,16.275,16.6875,15.8925,10660,8618,11.03919
1987,"M","Raytheon",23,2955,604,456,80.9,20.7,15.6,15.66,12700,8618,15.49615
1987,"S","Raytheon",9,1751.5,305,460,88.6,13.9,14.75,13.25,7230.5,8618,8.534382
1988,"L","Bombardier",10,3365,1035,460,79.8,40.7,20.85,19.61,19550,8705,25.99032
1988,"M","Bombardier",2,2397,407,477,87,16.5,16.79,13.34,9525,8705,9.769523
1988,"S","Bombardier",7,1996,270.2143,473.5714,83.7,15.42143,14.80643,12.42214,7739.643,8705,8.17125
1988,"M","Cessna",13,2304,438,473.33,78.9,16.87,16.9,16.31,10047.67,8705,13.0588
1988,"S","Cessna",36,1888.111,260.8518,400.6667,75.99259,12.12185,14.34815,15.84593,6709.296,8705,5.579672
1988,"L","Dassault",16,3860,1267,500,81.9,31.65,20.21,19.33,20640,8705,32.31007
1988,"M","Dassault",6,3054.5,700,475,84.3,24.75,18.52,18.86,17803.5,8705,24.33996
1988,"S","Dassault",5,1900,251,492,82.2,14.4,13.86,13.08,8627.5,8705,10.00853
1988,"L","Gulfstream",43,4220,1525,505,76.8,61.6,26.92,23.72,33520.5,8705,36.73107
1988,"M","IAI",3,3110,375,465,79.1,16.2,16.94,16.64,10660,8705,12.58062
1988,"M","Raytheon",27,2955,604,456,80.9,20.7,15.6,15.66,12700,8705,16.13969
1988,"S","Raytheon",17,1751.5,305,460,88.6,13.9,14.75,13.25,7230.5,8705,8.6136
1989,"L","Bombardier",15,3365,1035,460,79.8,40.7,20.85,19.61,19550,8804,27.54004
1989,"M","Bombardier",7,2397,407,477,87,16.5,16.79,13.34,9525,8804,10.22967
1989,"S","Bombardier",17,2028.2,269.55,473.6,83.5,15.475,14.8135,12.4385,7780.75,8804,8.677992
1989,"M","Cessna",16,2304,438,473.33,78.9,16.87,16.9,16.31,10047.67,8804,13.3071
1989,"S","Cessna",66,1925.453,271.6977,415.0407,79.82093,12.85709,14.62802,15.83395,6991.657,8804,7.056076
1989,"L","Dassault",5,3860,1267,500,81.9,31.65,20.21,19.33,20640,8804,33.64585
1989,"M","Dassault",6,3054.5,700,475,84.3,24.75,18.52,18.86,17803.5,8804,24.0356
1989,"S","Dassault",1,1900,251,492,82.2,14.4,13.86,13.08,8627.5,8804,10.30884
1989,"L","Gulfstream",32,4220,1525,505,76.8,61.6,26.92,23.72,33520.5,8804,40.29066
1989,"M","IAI",8,3110,375,465,79.1,16.2,16.94,16.64,10660,8804,12.67377
1989,"M","Raytheon",13,2955,604,456,80.9,20.7,15.6,15.66,12700,8804,16.58689
1989,"S","Raytheon",6,1751.5,305,460,88.6,13.9,14.75,13.25,7230.5,8804,8.743364
1990,"L","Bombardier",24,3365,1035,460,79.8,40.7,20.85,19.61,19550,9030,27.49844
1990,"M","Bombardier",3,2397,407,477,87,16.5,16.79,13.34,9525,9030,10.42029
1990,"S","Bombardier",24,1759.429,268,476.6786,82.56786,15.6,14.83,12.83536,7528.929,9030,8.681814
1990,"M","Cessna",9,2304,438,473.33,78.9,16.87,16.9,16.31,10047.67,9030,13.9445
1990,"S","Cessna",75,1925.353,271.7059,414.8431,79.73529,12.82902,14.62569,15.84529,6992.431,9030,7.686494
1990,"L","Dassault",10,3860,1267,500,81.9,31.65,20.21,19.33,20640,9030,32.5041
1990,"M","Dassault",11,3054.5,700,475,84.3,24.75,18.52,18.86,17803.5,9030,18.17678
1990,"L","Gulfstream",23,4220,1525,505,76.8,61.6,26.92,23.72,33520.5,9030,43.52924
1990,"M","IAI",6,3110,375,465,79.1,16.2,16.94,16.64,10660,9030,14.2984
1990,"M","Raytheon",18,2979.688,608.75,456.75,81.2,20.85,15.65125,15.66,12785,9030,17.13268
1990,"S","Raytheon",7,1751.5,305,460,88.6,13.9,14.75,13.25,7230.5,9030,8.854472
1991,"L","Bombardier",15,3387.444,1035,460.8889,79.87778,40.71667,20.85,19.61,19678.5,9416,28.97131
1991,"S","Bombardier",19,1580,268,478.25,82.325,15.6,14.83,13.0225,7347.5,9416,9.084797
1991,"M","Cessna",8,2304,438,473.33,78.9,16.87,16.9,16.31,10047.67,9416,13.53823
1991,"S","Cessna",73,1920.451,272.4902,416.5637,80.14803,12.77882,14.64627,15.85941,7016.995,9416,7.868272
1991,"L","Dassault",8,3860,1267,500,81.9,31.65,20.21,19.33,20640,9416,33.82415
1991,"M","Dassault",6,3054.5,700,475,84.3,24.75,18.52,18.86,17803.5,9416,23.79295
1991,"L","Gulfstream",15,4220,1525,505,76.8,61.6,26.92,23.72,33520.5,9416,43.62444
1991,"M","IAI",6,3110,375,465,79.1,16.2,16.94,16.64,10660,9416,15.14856
1991,"M","Raytheon",17,3122.115,636.1539,461.0769,82.93077,21.71539,15.94692,15.66,13275.38,9416,18.13675
1991,"S","Raytheon",9,1751.5,305,460,88.6,13.9,14.75,13.25,7230.5,9416,9.897113
1992,"L","Bombardier",14,3365,1035,460,79.8,40.7,20.85,19.61,19550,9797,28.42476
1992,"M","Bombardier",3,2510,453,464,70.8,20.5,17.88,13.34,10659,9797,10.71886
1992,"S","Bombardier",17,1437.273,268,479.5,82.13182,15.6,14.83,13.17136,7203.182,9797,9.496093
1992,"M","Cessna",16,2304,438,473.33,78.9,16.87,16.9,16.31,10047.67,9797,13.91932
1992,"S","Cessna",63,1921.231,271.3205,416.1987,79.82179,12.75577,14.62346,15.84333,6982.808,9797,8.152332
1992,"L","Dassault",8,3860,1267,500,81.9,31.65,20.21,19.33,20640,9797,33.11349
1992,"M","Dassault",5,3054.5,700,475,84.3,24.75,18.52,18.86,17803.5,9797,25.35225
1992,"L","Gulfstream",14,4220,1525,505,76.8,61.6,26.92,23.72,33520.5,9797,45.03477
1992,"M","IAI",3,3110,375,465,79.1,16.2,16.94,16.64,10660,9797,15.41163
1992,"M","Raytheon",18,3168.513,645.0811,462.4865,83.49459,21.9973,16.04324,15.66,13435.13,9797,21.02303
1992,"S","Raytheon",12,1751.5,305,460,88.6,13.9,14.75,13.25,7230.5,9797,10.48481
1993,"L","Bombardier",15,3365,1035,460,79.8,40.7,20.85,19.61,19550,10232,30.06432
1993,"M","Bombardier",13,2510,453,464,70.8,20.5,17.88,13.34,10659,10232,13.65409
1993,"S","Bombardier",17,1416.72,268,479.68,82.104,15.6,14.83,13.1928,7182.4,10232,9.428847
1993,"M","Cessna",19,2340.385,440.6923,474.5096,78.64616,17.325,17.09615,16.43192,10284.11,10232,14.80888
1993,"S","Cessna",78,1666.177,235,402.8137,77.80196,10.9049,13.93647,15.13255,6061.951,10232,6.498451
1993,"L","Dassault",5,3860,1267,500,81.9,31.65,20.21,19.33,20640,10232,34.91792
1993,"M","Dassault",5,3052.688,740.5,475.75,83.6875,24.94375,18.7325,18.91875,17647.56,10232,25.16541
1993,"L","Gulfstream",17,4220,1525,505,76.8,61.6,26.92,23.72,33520.5,10232,43.96958
1993,"M","IAI",4,3110,375,465,79.1,16.2,16.94,16.64,10660,10232,14.40739
1993,"M","Raytheon",17,3081.4,628.32,459.84,82.436,21.468,15.8624,15.66,13135.2,10232,20.49487
1993,"S","Raytheon",4,1751.5,305,460,88.6,13.9,14.75,13.25,7230.5,10232,10.80872
1994,"L","Bombardier",19,3379.963,1035,460.5926,79.85185,40.71111,20.85,19.61,19635.67,10730,30.33316
1994,"M","Bombardier",17,2510,453,464,70.8,20.5,17.88,13.34,10659,10730,15.39431
1994,"S","Bombardier",9,1266,268,481,81.9,15.6,14.83,13.35,7030,10730,8.637612
1994,"M","Cessna",12,2353.79,441.6842,474.9442,78.55264,17.49263,17.16842,16.47684,10371.21,10730,15.72756
1994,"S","Cessna",81,1696.102,241.7449,405.2551,78.77551,11.21194,14.06765,15.23857,6241.271,10730,6.636269
1994,"L","Dassault",12,3860,1267,500,81.9,31.65,20.21,19.33,20640,10730,33.96664
1994,"M","Dassault",8,3048.056,844,477.6667,82.12222,25.43889,19.27555,19.06889,17249.05,10730,24.39997
1994,"L","Gulfstream",16,4220,1525,505,76.8,61.6,26.92,23.72,33520.5,10730,42.98706
1994,"M","IAI",1,3110,375,465,79.1,16.2,16.94,16.64,10660,10730,17.14417
1994,"M","Raytheon",14,3036.724,619.7241,458.4828,81.8931,21.19655,15.76966,15.66,12981.38,10730,19.83568
1994,"S","Raytheon",5,1751.5,305,460,88.6,13.9,14.75,13.25,7230.5,10730,10.43316
1995,"L","Bombardier",15,3413.48,1035,461.92,79.968,40.736,20.85,19.61,19827.56,11279,30.96514
1995,"M","Bombardier",13,2510,453,464,70.8,20.5,17.88,13.34,10659,11279,15.25119
1995,"S","Bombardier",11,1310.947,274.2105,480.3158,81.50526,15.60526,14.98684,13.41474,7149.369,11279,8.885715
1995,"M","Cessna",12,2394.095,444.6667,476.2509,78.27143,17.99667,17.38571,16.6119,10633.13,11279,16.28198
1995,"S","Cessna",88,1709.532,244.8807,408.6009,79.49082,11.34532,14.13936,15.27486,6323.293,11279,4.853864
1995,"L","Dassault",5,3902.727,1267,500,81.70909,31.81364,20.21,19.33,20755.36,11279,33.69843
1995,"M","Dassault",12,3041.977,979.8182,480.1818,80.06818,26.08864,19.98818,19.26591,16726.11,11279,24.61942
1995,"L","Gulfstream",14,4418.261,1537.522,504.4783,77.10435,61.94783,27.13478,24.13565,34116.11,11279,45.06216
1995,"M","IAI",3,3110,375,465,79.1,16.2,16.94,16.64,10660,11279,16.6248
1995,"M","Raytheon",7,2976.944,608.2222,456.6667,81.16667,20.83333,15.64556,15.66,12775.56,11279,19.34829
1995,"S","Raytheon",9,1751.5,305,460,88.6,13.9,14.75,13.25,7230.5,11279,10.60125
1996,"L","Bombardier",22,3816.103,1055,476.3333,81.20256,41.62308,21.09231,19.84179,22359.64,11362,29.38882
1996,"M","Bombardier",17,2510,453,464,70.8,20.5,17.88,13.34,10659,11362,15.05861
1996,"S","Bombardier",10,1366.471,281.8824,479.4706,81.01765,15.61176,15.18059,13.49471,7296.824,11362,9.006337
1996,"M","Cessna",18,2838.696,477.5652,490.6652,75.16957,23.55652,19.78261,18.10174,13522.25,11362,20.58483
1996,"S","Cessna",87,1694.776,242.514,405.4066,78.3514,11.21813,14.05935,15.23617,6235.051,11362,4.866137
1996,"L","Dassault",13,4204.667,1267,500,80.36,32.97,20.21,19.33,21570.6,11362,35.63256
1996,"M","Dassault",14,3041.813,983.5,480.25,80.0125,26.10625,20.0075,19.27125,16711.94,11362,29.04586
1996,"L","Gulfstream",17,4642.222,1551.667,503.8889,77.44815,62.34074,27.37741,24.60518,34788.93,11362,45.71704
1996,"M","IAI",7,3110,375,465,79.1,16.2,16.94,16.64,10660,11362,19.04889
1996,"M","Raytheon",14,2994.5,611.6,457.2,81.38,20.94,15.682,15.66,12836,11362,19.81683
1996,"S","Raytheon",20,1751.5,305,460,88.6,13.9,14.75,13.25,7230.5,11362,10.49422
1997,"L","Bombardier",23,4040.636,1129.545,479.5151,81.38181,43.98182,21.99545,20.70576,24491.12,11533,33.13514
1997,"M","Bombardier",21,2510,453,464,70.8,20.5,17.88,13.34,10659,11533,15.54309
1997,"S","Bombardier",15,1428.667,290.4762,478.5238,80.47143,15.61905,15.39762,13.58429,7462,11533,9.967505
1997,"M","Cessna",26,3078,495.2727,498.4236,73.5,26.54909,21.07273,18.90364,15077.3,11533,20.60302
1997,"S","Cessna",106,1661.985,232.6765,400.1985,77.09853,10.83588,13.88235,15.10897,5998.331,11533,5.72717
1997,"L","Dassault",20,4185.385,1267,500,80.44616,32.89615,20.21,19.33,21518.54,11533,38.12543
1997,"M","Dassault",19,3048.923,824.6154,477.3077,82.41539,25.34615,19.17385,19.04077,17323.69,11533,28.59847
1997,"L","Gulfstream",31,5522.857,1607.286,501.5714,78.8,63.88571,28.33143,26.45143,37434.5,11533,53.62701
1997,"M","IAI",7,3149.231,412.9231,461.9231,79.27692,17.02308,17.09616,16.72154,11056,11533,20.7266
1997,"M","Raytheon",16,2967.742,606.4516,456.3871,81.05484,20.77742,15.62645,15.66,12743.87,11533,17.68357
1997,"S","Raytheon",25,1751.5,305,460,88.6,13.9,14.75,13.25,7230.5,11533,10.58059
1998,"L","Bombardier",26,4217.2,1191,481.8,81.5,45.92,22.74,21.418,26199.4,11802,33.2295
1998,"M","Bombardier",19,2510,453,464,70.8,20.5,17.88,13.34,10659,11802,16.00377
1998,"S","Bombardier",31,1751.227,335.0454,473.6136,77.63864,15.65682,16.52318,14.04886,8318.637,11802,10.13972
1998,"M","Cessna",30,2948.085,485.6596,494.2117,74.40639,24.92447,20.37234,18.4683,14233.09,11802,20.50316
1998,"S","Cessna",121,1766.21,259.5739,406.0597,76.53807,11.93324,14.23278,15.46972,6529.142,11802,7.563017
1998,"L","Dassault",13,4173.333,1267,500,80.5,32.85,20.21,19.33,21486,11802,37.98521
1998,"M","Dassault",26,3044.311,927.6757,479.2162,80.85676,25.83919,19.71459,19.19027,16926.88,11802,28.53725
1998,"L","Gulfstream",40,5322,1594.6,502.1,78.49167,63.53333,28.11383,26.03033,36831.09,11802,52.37976
1998,"M","IAI",8,3182.857,445.4286,459.2857,79.42857,17.72857,17.23,16.79143,11395.43,11802,20.09983
1998,"M","Raytheon",37,2955,604,456,80.9,20.7,15.6,15.66,12700,11802,17.86011
1998,"S","Raytheon",35,1744.356,306.0222,459.8,88.33333,13.81778,14.73378,13.25689,7195.822,11802,10.41248
1999,"L","Bombardier",39,4782.055,1387.603,489.1096,81.87808,52.12055,25.12192,23.69658,31664.45,12141,45.68999
1999,"M","Bombardier",24,2510,453,464,70.8,20.5,17.88,13.34,10659,12141,16.38327
1999,"S","Bombardier",43,1801.559,342,472.8474,77.19661,15.66271,16.69881,14.12136,8452.305,12141,12.2437
1999,"M","Cessna",39,2977.115,487.8077,495.1529,74.20385,25.2875,20.52885,18.56558,14421.73,12141,20.74204
1999,"S","Cessna",152,1786.025,274.9748,405.7677,75.13838,12.43268,14.35369,15.61268,6767.775,12141,7.925076
1999,"L","Dassault",18,4227.826,1267,500,80.25652,33.0587,20.21,19.33,21633.13,12141,39.13731
1999,"M","Dassault",30,3044.728,918.3478,479.0435,80.99783,25.79457,19.66565,19.17674,16962.79,12141,29.31074
1999,"L","Gulfstream",37,5211.304,1587.609,502.3913,78.32174,63.33913,27.99391,25.79826,36498.54,12141,52.28382
1999,"M","IAI",11,3328.572,586.2857,447.8571,80.08572,20.78572,17.81,17.09429,12866.29,12141,25.79615
1999,"M","Raytheon",36,2955,604,456,80.9,20.7,15.6,15.66,12700,12141,18.20494
1999,"S","Raytheon",34,1737.522,307,459.6087,88.07826,13.73913,14.71826,13.26348,7162.652,12141,10.34848
2000,"L","Bombardier",12,4961.791,1450.161,491.4355,81.99838,54.09355,25.87984,24.42161,33403.42,12528,47.10525
2000,"M","Bombardier",6,2510,453,464,70.8,20.5,17.88,13.34,10659,12528,16.53081
2000,"S","Bombardier",24,1872.464,351.7971,471.7681,76.57391,15.67101,16.94623,14.22348,8640.608,12528,12.58511
2000,"M","Cessna",9,3047.286,493,497.4279,73.71429,26.165,20.90714,18.80071,14877.71,12528,21.60133
2000,"S","Cessna",73,1818.745,289.6138,405.8172,73.39449,12.92931,14.46841,15.7709,6989.931,12528,9.011304
2000,"L","Dassault",3,4271.25,1267,500,80.0625,33.225,20.21,19.33,21750.38,12528,38.93901
2000,"M","Dassault",4,3046.105,887.5789,478.4737,81.46316,25.64737,19.50421,19.1321,17081.26,12528,29.15792
2000,"L","Gulfstream",5,5243.673,1589.653,502.3061,78.37143,63.39592,28.02898,25.86612,36595.79,12528,52.66659
2000,"M","IAI",2,3401.428,656.7143,442.1429,80.41428,22.31429,18.1,17.24571,13601.71,12528,26.52705
2000,"M","Raytheon",6,2955,604,456,80.9,20.7,15.6,15.66,12700,12528,19.1834
2000,"S","Raytheon",17,1702.788,311.9697,458.6364,86.78181,13.33939,14.63939,13.29697,6994.061,12528,11.26546
